"result_id","cdm_name","group_name","group_level","strata_name","strata_level","variable_name","variable_level","estimate_name","estimate_type","estimate_value","additional_name","additional_level"
"1","CPRD GOLD","overall","overall","overall","overall","general",NA,"snapshot_date","date","2025-07-05","overall","overall"
"1","CPRD GOLD","overall","overall","overall","overall","general",NA,"person_count","integer","17526900","overall","overall"
"1","CPRD GOLD","overall","overall","overall","overall","observation_period",NA,"count","integer","17526900","overall","overall"
"1","CPRD GOLD","overall","overall","overall","overall","cdm",NA,"source_name","character","Clinical Practice Research Datalink, GOLD 202501  release","overall","overall"
"1","CPRD GOLD","overall","overall","overall","overall","general",NA,"vocabulary_version","character","v5.0 30-AUG-24","overall","overall"
"1","CPRD GOLD","overall","overall","overall","overall","cdm",NA,"version","character","5.4","overall","overall"
"1","CPRD GOLD","overall","overall","overall","overall","cdm",NA,"holder_name","character","NDORMS","overall","overall"
"1","CPRD GOLD","overall","overall","overall","overall","cdm",NA,"release_date","character","2025-03-15","overall","overall"
"1","CPRD GOLD","overall","overall","overall","overall","cdm",NA,"description","character","The Clinical Practice Research Datalink (CPRD) GOLD is a database of anonymised electronic health records (EHR) from General Practitioner (GP) clinics in the UK.","overall","overall"
"1","CPRD GOLD","overall","overall","overall","overall","cdm",NA,"documentation_reference","character","https://cprd.com/primary-care-data-public-health-research","overall","overall"
"1","CPRD GOLD","overall","overall","overall","overall","cdm",NA,"source_type","character","postgresql","overall","overall"
"1","CPRD GOLD","overall","overall","overall","overall","observation_period",NA,"start_date","date","1987-09-09","overall","overall"
"1","CPRD GOLD","overall","overall","overall","overall","observation_period",NA,"end_date","date","2024-12-12","overall","overall"
"1",NA,"overall","overall","overall","overall","settings",NA,"result_type","character","summarise_omop_snapshot","overall","overall"
"1",NA,"overall","overall","overall","overall","settings",NA,"package_name","character","OmopSketch","overall","overall"
"1",NA,"overall","overall","overall","overall","settings",NA,"package_version","character","0.5.1","overall","overall"
"1",NA,"overall","overall","overall","overall","settings",NA,"group","character","","overall","overall"
"1",NA,"overall","overall","overall","overall","settings",NA,"strata","character","","overall","overall"
"1",NA,"overall","overall","overall","overall","settings",NA,"additional","character","","overall","overall"
"1",NA,"overall","overall","overall","overall","settings",NA,"min_cell_count","character","5","overall","overall"
