"result_id","cdm_name","group_name","group_level","strata_name","strata_level","variable_name","variable_level","estimate_name","estimate_type","estimate_value","additional_name","additional_level"
"1","CPRD GOLD","cohort_name","source_1","overall","overall","(Intercept)",NA,"coefficient","numeric","-6.88766921114928","overall","overall"
"1","CPRD GOLD","cohort_name","source_1","overall","overall","age",NA,"coefficient","numeric","0.00314659620227973","overall","overall"
"1","CPRD GOLD","cohort_name","source_1","overall","overall","gestational_day",NA,"coefficient","numeric","-0.000205036876689797","overall","overall"
"1","CPRD GOLD","cohort_name","source_1","overall","overall","cohort_start_date",NA,"coefficient","numeric","0.000312335346801248","overall","overall"
"1","CPRD GOLD","cohort_name","source_1","overall","overall","previous_observation",NA,"coefficient","numeric","-2.09425810008184e-05","overall","overall"
"1","CPRD GOLD","cohort_name","source_1","overall","overall","previous_pregnancies",NA,"coefficient","numeric","-0.074203751677147","overall","overall"
"1","CPRD GOLD","cohort_name","source_1","overall","overall","previous_healthcare_visits",NA,"coefficient","numeric","0.00437492039747804","overall","overall"
"1","CPRD GOLD","cohort_name","source_1","overall","overall","alcohol_misuse_dependence",NA,"coefficient","numeric","-1.2769815842755","overall","overall"
"1","CPRD GOLD","cohort_name","source_1","overall","overall","obesity",NA,"coefficient","numeric","-0.090381389796699","overall","overall"
"1","CPRD GOLD","cohort_name","source_2","overall","overall","(Intercept)",NA,"coefficient","numeric","-39.8850443835639","overall","overall"
"1","CPRD GOLD","cohort_name","source_2","overall","overall","age",NA,"coefficient","numeric","0.00503192545816238","overall","overall"
"1","CPRD GOLD","cohort_name","source_2","overall","overall","gestational_day",NA,"coefficient","numeric","0.000994208566800465","overall","overall"
"1","CPRD GOLD","cohort_name","source_2","overall","overall","cohort_start_date",NA,"coefficient","numeric","0.00198905056175253","overall","overall"
"1","CPRD GOLD","cohort_name","source_2","overall","overall","previous_observation",NA,"coefficient","numeric","-7.47889067324706e-06","overall","overall"
"1","CPRD GOLD","cohort_name","source_2","overall","overall","previous_pregnancies",NA,"coefficient","numeric","-0.00934416048885839","overall","overall"
"1","CPRD GOLD","cohort_name","source_2","overall","overall","previous_healthcare_visits",NA,"coefficient","numeric","-0.00223243986562519","overall","overall"
"1","CPRD GOLD","cohort_name","source_2","overall","overall","alcohol_misuse_dependence",NA,"coefficient","numeric","0.199440761557584","overall","overall"
"1","CPRD GOLD","cohort_name","source_2","overall","overall","obesity",NA,"coefficient","numeric","0.064277613812098","overall","overall"
"1","CPRD GOLD","cohort_name","source_2","overall","overall","days_previous_dose",NA,"coefficient","numeric","-0.00103500484132008","overall","overall"
"1","CPRD GOLD","cohort_name","source_2","overall","overall","previous_pregnant_covid_vaccines1",NA,"coefficient","numeric","-0.0179180335476097","overall","overall"
"1","CPRD GOLD","cohort_name","source_2","overall","overall","previous_pregnant_covid_vaccines2",NA,"coefficient","numeric","14.4856764318469","overall","overall"
"1","CPRD GOLD","cohort_name","source_2","overall","overall","SARS-CoV-2 (COVID-19) vaccine, mRNA-BNT162b2 0.1 MG/ML Injectable Suspension","-30 to 0","coefficient","numeric","-0.810752879337671","overall","overall"
"1","CPRD GOLD","cohort_name","source_2","overall","overall","SARS-CoV-2 (COVID-19) vaccine, mRNA-BNT162b2 0.1 MG/ML Injectable Suspension","-180 to -31","coefficient","numeric","1.59587191174677","overall","overall"
"1","CPRD GOLD","cohort_name","source_2","overall","overall","SARS-CoV-2 (COVID-19) vaccine, mRNA-1273 0.2 MG/ML Injectable Suspension","-180 to -31","coefficient","numeric","1.61124873207785","overall","overall"
"1","CPRD GOLD","cohort_name","source_2","overall","overall","SARS-COV-2 (COVID-19) vaccine, vector non-replicating, recombinant spike protein-ChAdOx1, preservative free, 0.5 mL (non-US)","-180 to -31","coefficient","numeric","-1.45241404695162","overall","overall"
"1","CPRD GOLD","cohort_name","source_3","overall","overall","(Intercept)",NA,"coefficient","numeric","172.192886965167","overall","overall"
"1","CPRD GOLD","cohort_name","source_3","overall","overall","age",NA,"coefficient","numeric","-0.0394485141874288","overall","overall"
"1","CPRD GOLD","cohort_name","source_3","overall","overall","gestational_day",NA,"coefficient","numeric","-0.0750183249024385","overall","overall"
"1","CPRD GOLD","cohort_name","source_3","overall","overall","cohort_start_date",NA,"coefficient","numeric","-0.0102237646764085","overall","overall"
"1","CPRD GOLD","cohort_name","source_3","overall","overall","previous_observation",NA,"coefficient","numeric","-3.97252733774323e-05","overall","overall"
"1","CPRD GOLD","cohort_name","source_3","overall","overall","previous_pregnancies",NA,"coefficient","numeric","0.106262800539411","overall","overall"
"1","CPRD GOLD","cohort_name","source_3","overall","overall","previous_healthcare_visits",NA,"coefficient","numeric","-0.018772997857723","overall","overall"
"1","CPRD GOLD","cohort_name","source_3","overall","overall","alcohol_misuse_dependence",NA,"coefficient","numeric","13.0527336553697","overall","overall"
"1","CPRD GOLD","cohort_name","source_3","overall","overall","obesity",NA,"coefficient","numeric","0.133164751003503","overall","overall"
"1","CPRD GOLD","cohort_name","source_3","overall","overall","days_previous_dose",NA,"coefficient","numeric","0.0407743100461343","overall","overall"
"1","CPRD GOLD","cohort_name","source_3","overall","overall","previous_covid_vaccines3",NA,"coefficient","numeric","65.8172705545828","overall","overall"
"1","CPRD GOLD","cohort_name","source_3","overall","overall","previous_covid_vaccines4",NA,"coefficient","numeric","142.45210724392","overall","overall"
"1","CPRD GOLD","cohort_name","source_3","overall","overall","previous_covid_vaccines5",NA,"coefficient","numeric","193.966224126382","overall","overall"
"1","CPRD GOLD","cohort_name","source_3","overall","overall","previous_covid_vaccines6",NA,"coefficient","numeric","242.907979713811","overall","overall"
"1","CPRD GOLD","cohort_name","source_3","overall","overall","previous_covid_vaccines7",NA,"coefficient","numeric","309.000817796615","overall","overall"
"1","CPRD GOLD","cohort_name","source_3","overall","overall","previous_covid_vaccines8",NA,"coefficient","numeric","367.592221262481","overall","overall"
"1","CPRD GOLD","cohort_name","source_3","overall","overall","previous_pregnant_covid_vaccines1",NA,"coefficient","numeric","-4.35293428561006","overall","overall"
"1","CPRD GOLD","cohort_name","source_3","overall","overall","previous_pregnant_covid_vaccines2",NA,"coefficient","numeric","-30.4863296848197","overall","overall"
"1","CPRD GOLD","cohort_name","source_3","overall","overall","previous_pregnant_covid_vaccines3",NA,"coefficient","numeric","-84.3028645959742","overall","overall"
"1","CPRD GOLD","cohort_name","source_3","overall","overall","previous_pregnant_covid_vaccines4",NA,"coefficient","numeric","-140.646619438909","overall","overall"
"1","CPRD GOLD","cohort_name","source_3","overall","overall","previous_pregnant_covid_vaccines5",NA,"coefficient","numeric","-192.512142659321","overall","overall"
"1","CPRD GOLD","cohort_name","source_3","overall","overall","previous_pregnant_covid_vaccines6",NA,"coefficient","numeric","-261.170374121069","overall","overall"
"1","CPRD GOLD","cohort_name","source_3","overall","overall","previous_pregnant_covid_vaccines7",NA,"coefficient","numeric","-329.180594256698","overall","overall"
"1","CPRD GOLD","cohort_name","source_3","overall","overall","Blood pressure finding","-Inf to -366","coefficient","numeric","-0.522079562774582","overall","overall"
"1","CPRD GOLD","cohort_name","source_3","overall","overall","Cervical smear - human papillomavirus negative","-Inf to -366","coefficient","numeric","-1.25389706530426","overall","overall"
"1","CPRD GOLD","cohort_name","source_3","overall","overall","pertussis vaccine","-180 to -31","coefficient","numeric","0.710288005478121","overall","overall"
"1","CPRD GOLD","cohort_name","source_3","overall","overall","SARS-CoV-2 (COVID-19) vaccine, mRNA-BNT162b2 0.1 MG/ML Injectable Suspension","-180 to -31","coefficient","numeric","-4.6287539077101","overall","overall"
"1","CPRD GOLD","cohort_name","source_3","overall","overall","SARS-CoV-2 (COVID-19) vaccine, mRNA-1273 0.2 MG/ML Injectable Suspension","-180 to -31","coefficient","numeric","0.109683506894292","overall","overall"
"1","CPRD GOLD","cohort_name","source_3","overall","overall","SARS-COV-2 (COVID-19) vaccine, vector non-replicating, recombinant spike protein-ChAdOx1, preservative free, 0.5 mL (non-US)","-180 to -31","coefficient","numeric","12.7445764082247","overall","overall"
"1",NA,"overall","overall","overall","overall","settings",NA,"result_type","character","","overall","overall"
"1",NA,"overall","overall","overall","overall","settings",NA,"package_name","character","study_code","overall","overall"
"1",NA,"overall","overall","overall","overall","settings",NA,"package_version","character","v0.0.1","overall","overall"
"1",NA,"overall","overall","overall","overall","settings",NA,"group","character","cohort_name","overall","overall"
"1",NA,"overall","overall","overall","overall","settings",NA,"strata","character","","overall","overall"
"1",NA,"overall","overall","overall","overall","settings",NA,"additional","character","","overall","overall"
"1",NA,"overall","overall","overall","overall","settings",NA,"min_cell_count","character","5","overall","overall"
