"result_id","cdm_name","group_name","group_level","strata_name","strata_level","variable_name","variable_level","estimate_name","estimate_type","estimate_value","additional_name","additional_level"
"1","CPRD GOLD","cohort_name","source_1","overall","overall","Number exposed","Qualifying initial records","count","integer","2708","overall","overall"
"1","CPRD GOLD","cohort_name","source_2","overall","overall","Number exposed","Qualifying initial records","count","integer","3389","overall","overall"
"1","CPRD GOLD","cohort_name","source_3","overall","overall","Number exposed","Qualifying initial records","count","integer","5404","overall","overall"
"1","CPRD GOLD","cohort_name","source_1","overall","overall","Number comparator","Qualifying initial records","count","integer","11398","overall","overall"
"1","CPRD GOLD","cohort_name","source_2","overall","overall","Number comparator","Qualifying initial records","count","integer","4686","overall","overall"
"1","CPRD GOLD","cohort_name","source_3","overall","overall","Number comparator","Qualifying initial records","count","integer","21739","overall","overall"
"1","CPRD GOLD","cohort_name","source_1","overall","overall","Number exposed","Vaccinated with recommended vaccines","count","integer","2621","overall","overall"
"1","CPRD GOLD","cohort_name","source_2","overall","overall","Number exposed","Vaccinated with recommended vaccines","count","integer","2939","overall","overall"
"1","CPRD GOLD","cohort_name","source_3","overall","overall","Number exposed","Vaccinated with recommended vaccines","count","integer","5402","overall","overall"
"1","CPRD GOLD","cohort_name","source_1","overall","overall","Number exposed","Eligible to contirbute at vaccination day","count","integer","2453","overall","overall"
"1","CPRD GOLD","cohort_name","source_2","overall","overall","Number exposed","Eligible to contirbute at vaccination day","count","integer","2726","overall","overall"
"1","CPRD GOLD","cohort_name","source_3","overall","overall","Number exposed","Eligible to contirbute at vaccination day","count","integer","4992","overall","overall"
"1","CPRD GOLD","cohort_name","source_1","overall","overall","exposed:comparator","Age & gestational age matching","min","integer","1","overall","overall"
"1","CPRD GOLD","cohort_name","source_2","overall","overall","exposed:comparator","Age & gestational age matching","min","integer","1","overall","overall"
"1","CPRD GOLD","cohort_name","source_3","overall","overall","exposed:comparator","Age & gestational age matching","min","integer","1","overall","overall"
"1","CPRD GOLD","cohort_name","source_1","overall","overall","exposed:comparator","Age & gestational age matching","max","integer","83","overall","overall"
"1","CPRD GOLD","cohort_name","source_2","overall","overall","exposed:comparator","Age & gestational age matching","max","integer","33","overall","overall"
"1","CPRD GOLD","cohort_name","source_3","overall","overall","exposed:comparator","Age & gestational age matching","max","integer","97","overall","overall"
"1","CPRD GOLD","cohort_name","source_1","overall","overall","exposed:comparator","Age & gestational age matching","median","integer","25","overall","overall"
"1","CPRD GOLD","cohort_name","source_2","overall","overall","exposed:comparator","Age & gestational age matching","median","integer","7","overall","overall"
"1","CPRD GOLD","cohort_name","source_3","overall","overall","exposed:comparator","Age & gestational age matching","median","integer","20","overall","overall"
"1","CPRD GOLD","cohort_name","source_1","overall","overall","exposed:comparator","Age & gestational age matching","q25","integer","15","overall","overall"
"1","CPRD GOLD","cohort_name","source_2","overall","overall","exposed:comparator","Age & gestational age matching","q25","integer","4","overall","overall"
"1","CPRD GOLD","cohort_name","source_3","overall","overall","exposed:comparator","Age & gestational age matching","q25","integer","12","overall","overall"
"1","CPRD GOLD","cohort_name","source_1","overall","overall","exposed:comparator","Age & gestational age matching","q75","integer","38","overall","overall"
"1","CPRD GOLD","cohort_name","source_2","overall","overall","exposed:comparator","Age & gestational age matching","q75","integer","10","overall","overall"
"1","CPRD GOLD","cohort_name","source_3","overall","overall","exposed:comparator","Age & gestational age matching","q75","integer","29","overall","overall"
"1","CPRD GOLD","cohort_name","source_1","overall","overall","Number exposed","Age & gestational age matching","count","integer","2437","overall","overall"
"1","CPRD GOLD","cohort_name","source_2","overall","overall","Number exposed","Age & gestational age matching","count","integer","2451","overall","overall"
"1","CPRD GOLD","cohort_name","source_3","overall","overall","Number exposed","Age & gestational age matching","count","integer","4942","overall","overall"
"1","CPRD GOLD","cohort_name","source_1","overall","overall","Number comparator","Age & gestational age matching","count","integer","8352","overall","overall"
"1","CPRD GOLD","cohort_name","source_2","overall","overall","Number comparator","Age & gestational age matching","count","integer","3393","overall","overall"
"1","CPRD GOLD","cohort_name","source_3","overall","overall","Number comparator","Age & gestational age matching","count","integer","16698","overall","overall"
"1","CPRD GOLD","cohort_name","source_1","overall","overall","Number comparator","Eligible comparators at vaccination date of exposed match","count","integer","62085","overall","overall"
"1","CPRD GOLD","cohort_name","source_2","overall","overall","Number comparator","Eligible comparators at vaccination date of exposed match","count","integer","17198","overall","overall"
"1","CPRD GOLD","cohort_name","source_3","overall","overall","Number comparator","Eligible comparators at vaccination date of exposed match","count","integer","93401","overall","overall"
"1","CPRD GOLD","cohort_name","source_1","overall","overall","exposed:comparator","Eligible comparators at vaccination date of exposed match","min","integer","1","overall","overall"
"1","CPRD GOLD","cohort_name","source_2","overall","overall","exposed:comparator","Eligible comparators at vaccination date of exposed match","min","integer","1","overall","overall"
"1","CPRD GOLD","cohort_name","source_3","overall","overall","exposed:comparator","Eligible comparators at vaccination date of exposed match","min","integer","1","overall","overall"
"1","CPRD GOLD","cohort_name","source_1","overall","overall","exposed:comparator","Eligible comparators at vaccination date of exposed match","max","integer","77","overall","overall"
"1","CPRD GOLD","cohort_name","source_2","overall","overall","exposed:comparator","Eligible comparators at vaccination date of exposed match","max","integer","32","overall","overall"
"1","CPRD GOLD","cohort_name","source_3","overall","overall","exposed:comparator","Eligible comparators at vaccination date of exposed match","max","integer","93","overall","overall"
"1","CPRD GOLD","cohort_name","source_1","overall","overall","exposed:comparator","Eligible comparators at vaccination date of exposed match","median","integer","23","overall","overall"
"1","CPRD GOLD","cohort_name","source_2","overall","overall","exposed:comparator","Eligible comparators at vaccination date of exposed match","median","integer","6","overall","overall"
"1","CPRD GOLD","cohort_name","source_3","overall","overall","exposed:comparator","Eligible comparators at vaccination date of exposed match","median","integer","18","overall","overall"
"1","CPRD GOLD","cohort_name","source_1","overall","overall","exposed:comparator","Eligible comparators at vaccination date of exposed match","q25","integer","13","overall","overall"
"1","CPRD GOLD","cohort_name","source_2","overall","overall","exposed:comparator","Eligible comparators at vaccination date of exposed match","q25","integer","4","overall","overall"
"1","CPRD GOLD","cohort_name","source_3","overall","overall","exposed:comparator","Eligible comparators at vaccination date of exposed match","q25","integer","11","overall","overall"
"1","CPRD GOLD","cohort_name","source_1","overall","overall","exposed:comparator","Eligible comparators at vaccination date of exposed match","q75","integer","36","overall","overall"
"1","CPRD GOLD","cohort_name","source_2","overall","overall","exposed:comparator","Eligible comparators at vaccination date of exposed match","q75","integer","9","overall","overall"
"1","CPRD GOLD","cohort_name","source_3","overall","overall","exposed:comparator","Eligible comparators at vaccination date of exposed match","q75","integer","27","overall","overall"
"1","CPRD GOLD","cohort_name","source_1","overall","overall","exposed:comparator","Sampling","min","integer","1","overall","overall"
"1","CPRD GOLD","cohort_name","source_2","overall","overall","exposed:comparator","Sampling","min","integer","1","overall","overall"
"1","CPRD GOLD","cohort_name","source_3","overall","overall","exposed:comparator","Sampling","min","integer","1","overall","overall"
"1","CPRD GOLD","cohort_name","source_1","overall","overall","exposed:comparator","Sampling","max","integer","3","overall","overall"
"1","CPRD GOLD","cohort_name","source_2","overall","overall","exposed:comparator","Sampling","max","integer","3","overall","overall"
"1","CPRD GOLD","cohort_name","source_3","overall","overall","exposed:comparator","Sampling","max","integer","6","overall","overall"
"1","CPRD GOLD","cohort_name","source_1","overall","overall","exposed:comparator","Sampling","median","integer","3","overall","overall"
"1","CPRD GOLD","cohort_name","source_2","overall","overall","exposed:comparator","Sampling","median","integer","3","overall","overall"
"1","CPRD GOLD","cohort_name","source_3","overall","overall","exposed:comparator","Sampling","median","integer","3","overall","overall"
"1","CPRD GOLD","cohort_name","source_1","overall","overall","exposed:comparator","Sampling","q25","integer","3","overall","overall"
"1","CPRD GOLD","cohort_name","source_2","overall","overall","exposed:comparator","Sampling","q25","integer","3","overall","overall"
"1","CPRD GOLD","cohort_name","source_3","overall","overall","exposed:comparator","Sampling","q25","integer","3","overall","overall"
"1","CPRD GOLD","cohort_name","source_1","overall","overall","exposed:comparator","Sampling","q75","integer","3","overall","overall"
"1","CPRD GOLD","cohort_name","source_2","overall","overall","exposed:comparator","Sampling","q75","integer","3","overall","overall"
"1","CPRD GOLD","cohort_name","source_3","overall","overall","exposed:comparator","Sampling","q75","integer","3","overall","overall"
"1","CPRD GOLD","cohort_name","source_1","overall","overall","Number exposed","Sampling","count","integer","2436","overall","overall"
"1","CPRD GOLD","cohort_name","source_2","overall","overall","Number exposed","Sampling","count","integer","2428","overall","overall"
"1","CPRD GOLD","cohort_name","source_3","overall","overall","Number exposed","Sampling","count","integer","4864","overall","overall"
"1","CPRD GOLD","cohort_name","source_1","overall","overall","Number comparator","Sampling","count","integer","4148","overall","overall"
"1","CPRD GOLD","cohort_name","source_2","overall","overall","Number comparator","Sampling","count","integer","2603","overall","overall"
"1","CPRD GOLD","cohort_name","source_3","overall","overall","Number comparator","Sampling","count","integer","8077","overall","overall"
"1",NA,"overall","overall","overall","overall","settings",NA,"result_type","character","summarise_table","overall","overall"
"1",NA,"overall","overall","overall","overall","settings",NA,"package_name","character","PatientProfiles","overall","overall"
"1",NA,"overall","overall","overall","overall","settings",NA,"package_version","character","1.4.1","overall","overall"
"1",NA,"overall","overall","overall","overall","settings",NA,"group","character","cohort_name","overall","overall"
"1",NA,"overall","overall","overall","overall","settings",NA,"strata","character","","overall","overall"
"1",NA,"overall","overall","overall","overall","settings",NA,"additional","character","","overall","overall"
"1",NA,"overall","overall","overall","overall","settings",NA,"min_cell_count","character","5","overall","overall"
