"result_id","cdm_name","group_name","group_level","strata_name","strata_level","variable_name","variable_level","estimate_name","estimate_type","estimate_value","additional_name","additional_level"
"1","CPRD GOLD","cohort_name","source_1","overall","overall","Number records",NA,"count","integer","9667","overall","overall"
"1","CPRD GOLD","cohort_name","source_1","overall","overall","Number subjects",NA,"count","integer","5552","overall","overall"
"1","CPRD GOLD","cohort_name","source_2","overall","overall","Number records",NA,"count","integer","9198","overall","overall"
"1","CPRD GOLD","cohort_name","source_2","overall","overall","Number subjects",NA,"count","integer","3458","overall","overall"
"1","CPRD GOLD","cohort_name","source_3","overall","overall","Number records",NA,"count","integer","19249","overall","overall"
"1","CPRD GOLD","cohort_name","source_3","overall","overall","Number subjects",NA,"count","integer","10460","overall","overall"
"2","CPRD GOLD","cohort_name","source_1","reason","Initial qualifying events","number_records",NA,"count","integer","1185470","reason_id","1"
"2","CPRD GOLD","cohort_name","source_1","reason","Initial qualifying events","number_subjects",NA,"count","integer","783508","reason_id","1"
"2","CPRD GOLD","cohort_name","source_1","reason","Initial qualifying events","excluded_records",NA,"count","integer","0","reason_id","1"
"2","CPRD GOLD","cohort_name","source_1","reason","Initial qualifying events","excluded_subjects",NA,"count","integer","0","reason_id","1"
"2","CPRD GOLD","cohort_name","source_1","reason","Pregnancy in observation","number_records",NA,"count","integer","1185470","reason_id","2"
"2","CPRD GOLD","cohort_name","source_1","reason","Pregnancy in observation","number_subjects",NA,"count","integer","783508","reason_id","2"
"2","CPRD GOLD","cohort_name","source_1","reason","Pregnancy in observation","excluded_records",NA,"count","integer","0","reason_id","2"
"2","CPRD GOLD","cohort_name","source_1","reason","Pregnancy in observation","excluded_subjects",NA,"count","integer","0","reason_id","2"
"2","CPRD GOLD","cohort_name","source_1","reason","Pregnancy end date > pregnancy start_date","number_records",NA,"count","integer","1185470","reason_id","3"
"2","CPRD GOLD","cohort_name","source_1","reason","Pregnancy end date > pregnancy start_date","number_subjects",NA,"count","integer","783508","reason_id","3"
"2","CPRD GOLD","cohort_name","source_1","reason","Pregnancy end date > pregnancy start_date","excluded_records",NA,"count","integer","0","reason_id","3"
"2","CPRD GOLD","cohort_name","source_1","reason","Pregnancy end date > pregnancy start_date","excluded_subjects",NA,"count","integer","0","reason_id","3"
"2","CPRD GOLD","cohort_name","source_1","reason","Gestational length < 308 days","number_records",NA,"count","integer","1185470","reason_id","4"
"2","CPRD GOLD","cohort_name","source_1","reason","Gestational length < 308 days","number_subjects",NA,"count","integer","783508","reason_id","4"
"2","CPRD GOLD","cohort_name","source_1","reason","Gestational length < 308 days","excluded_records",NA,"count","integer","0","reason_id","4"
"2","CPRD GOLD","cohort_name","source_1","reason","Gestational length < 308 days","excluded_subjects",NA,"count","integer","0","reason_id","4"
"2","CPRD GOLD","cohort_name","source_1","reason","Gestational length days != 0","number_records",NA,"count","integer","1185470","reason_id","5"
"2","CPRD GOLD","cohort_name","source_1","reason","Gestational length days != 0","number_subjects",NA,"count","integer","783508","reason_id","5"
"2","CPRD GOLD","cohort_name","source_1","reason","Gestational length days != 0","excluded_records",NA,"count","integer","0","reason_id","5"
"2","CPRD GOLD","cohort_name","source_1","reason","Gestational length days != 0","excluded_subjects",NA,"count","integer","0","reason_id","5"
"2","CPRD GOLD","cohort_name","source_1","reason","No overlapping pregnancy records","number_records",NA,"count","integer","1185470","reason_id","6"
"2","CPRD GOLD","cohort_name","source_1","reason","No overlapping pregnancy records","number_subjects",NA,"count","integer","783508","reason_id","6"
"2","CPRD GOLD","cohort_name","source_1","reason","No overlapping pregnancy records","excluded_records",NA,"count","integer","0","reason_id","6"
"2","CPRD GOLD","cohort_name","source_1","reason","No overlapping pregnancy records","excluded_subjects",NA,"count","integer","0","reason_id","6"
"2","CPRD GOLD","cohort_name","source_1","reason","Pregnancy end date > 2021-04-01","number_records",NA,"count","integer","47648","reason_id","7"
"2","CPRD GOLD","cohort_name","source_1","reason","Pregnancy end date > 2021-04-01","number_subjects",NA,"count","integer","43100","reason_id","7"
"2","CPRD GOLD","cohort_name","source_1","reason","Pregnancy end date > 2021-04-01","excluded_records",NA,"count","integer","1137822","reason_id","7"
"2","CPRD GOLD","cohort_name","source_1","reason","Pregnancy end date > 2021-04-01","excluded_subjects",NA,"count","integer","740408","reason_id","7"
"2","CPRD GOLD","cohort_name","source_1","reason","Pregnancy start date < 2022-02-28","number_records",NA,"count","integer","22056","reason_id","8"
"2","CPRD GOLD","cohort_name","source_1","reason","Pregnancy start date < 2022-02-28","number_subjects",NA,"count","integer","21463","reason_id","8"
"2","CPRD GOLD","cohort_name","source_1","reason","Pregnancy start date < 2022-02-28","excluded_records",NA,"count","integer","25592","reason_id","8"
"2","CPRD GOLD","cohort_name","source_1","reason","Pregnancy start date < 2022-02-28","excluded_subjects",NA,"count","integer","21637","reason_id","8"
"2","CPRD GOLD","cohort_name","source_1","reason","cohort_start_date trimmed >= 2021-04-01","number_records",NA,"count","integer","22056","reason_id","9"
"2","CPRD GOLD","cohort_name","source_1","reason","cohort_start_date trimmed >= 2021-04-01","number_subjects",NA,"count","integer","21463","reason_id","9"
"2","CPRD GOLD","cohort_name","source_1","reason","cohort_start_date trimmed >= 2021-04-01","excluded_records",NA,"count","integer","0","reason_id","9"
"2","CPRD GOLD","cohort_name","source_1","reason","cohort_start_date trimmed >= 2021-04-01","excluded_subjects",NA,"count","integer","0","reason_id","9"
"2","CPRD GOLD","cohort_name","source_1","reason","Unvaccinated before pregnancy start","number_records",NA,"count","integer","12881","reason_id","10"
"2","CPRD GOLD","cohort_name","source_1","reason","Unvaccinated before pregnancy start","number_subjects",NA,"count","integer","12715","reason_id","10"
"2","CPRD GOLD","cohort_name","source_1","reason","Unvaccinated before pregnancy start","excluded_records",NA,"count","integer","9175","reason_id","10"
"2","CPRD GOLD","cohort_name","source_1","reason","Unvaccinated before pregnancy start","excluded_subjects",NA,"count","integer","8748","reason_id","10"
"2","CPRD GOLD","cohort_name","source_1","reason","Sex requirement: Female","number_records",NA,"count","integer","12881","reason_id","11"
"2","CPRD GOLD","cohort_name","source_1","reason","Sex requirement: Female","number_subjects",NA,"count","integer","12715","reason_id","11"
"2","CPRD GOLD","cohort_name","source_1","reason","Sex requirement: Female","excluded_records",NA,"count","integer","0","reason_id","11"
"2","CPRD GOLD","cohort_name","source_1","reason","Sex requirement: Female","excluded_subjects",NA,"count","integer","0","reason_id","11"
"2","CPRD GOLD","cohort_name","source_1","reason","Prior observation requirement: 365 days","number_records",NA,"count","integer","11398","reason_id","12"
"2","CPRD GOLD","cohort_name","source_1","reason","Prior observation requirement: 365 days","number_subjects",NA,"count","integer","11246","reason_id","12"
"2","CPRD GOLD","cohort_name","source_1","reason","Prior observation requirement: 365 days","excluded_records",NA,"count","integer","1483","reason_id","12"
"2","CPRD GOLD","cohort_name","source_1","reason","Prior observation requirement: 365 days","excluded_subjects",NA,"count","integer","1469","reason_id","12"
"2","CPRD GOLD","cohort_name","source_1","reason","Age requirement: 12 to 55","number_records",NA,"count","integer","11398","reason_id","13"
"2","CPRD GOLD","cohort_name","source_1","reason","Age requirement: 12 to 55","number_subjects",NA,"count","integer","11246","reason_id","13"
"2","CPRD GOLD","cohort_name","source_1","reason","Age requirement: 12 to 55","excluded_records",NA,"count","integer","0","reason_id","13"
"2","CPRD GOLD","cohort_name","source_1","reason","Age requirement: 12 to 55","excluded_subjects",NA,"count","integer","0","reason_id","13"
"2","CPRD GOLD","cohort_name","source_1","reason","Not in cohort cohort_1 between -90 & 0 days relative to exposure_date","number_records",NA,"count","integer","2588","reason_id","14"
"2","CPRD GOLD","cohort_name","source_1","reason","Not in cohort cohort_1 between -90 & 0 days relative to exposure_date","number_subjects",NA,"count","integer","2588","reason_id","14"
"2","CPRD GOLD","cohort_name","source_1","reason","Not in cohort cohort_1 between -90 & 0 days relative to exposure_date","excluded_records",NA,"count","integer","8810","reason_id","14"
"2","CPRD GOLD","cohort_name","source_1","reason","Not in cohort cohort_1 between -90 & 0 days relative to exposure_date","excluded_subjects",NA,"count","integer","8658","reason_id","14"
"2","CPRD GOLD","cohort_name","source_1","reason","Not in cohort aesi_90 between -90 & 0 days relative to exposure_date","number_records",NA,"count","integer","2587","reason_id","15"
"2","CPRD GOLD","cohort_name","source_1","reason","Not in cohort aesi_90 between -90 & 0 days relative to exposure_date","number_subjects",NA,"count","integer","2587","reason_id","15"
"2","CPRD GOLD","cohort_name","source_1","reason","Not in cohort aesi_90 between -90 & 0 days relative to exposure_date","excluded_records",NA,"count","integer","-","reason_id","15"
"2","CPRD GOLD","cohort_name","source_1","reason","Not in cohort aesi_90 between -90 & 0 days relative to exposure_date","excluded_subjects",NA,"count","integer","-","reason_id","15"
"2","CPRD GOLD","cohort_name","source_1","reason","Not in cohort cohort_10 between -30 & 0 days relative to exposure_date","number_records",NA,"count","integer","2587","reason_id","16"
"2","CPRD GOLD","cohort_name","source_1","reason","Not in cohort cohort_10 between -30 & 0 days relative to exposure_date","number_subjects",NA,"count","integer","2587","reason_id","16"
"2","CPRD GOLD","cohort_name","source_1","reason","Not in cohort cohort_10 between -30 & 0 days relative to exposure_date","excluded_records",NA,"count","integer","0","reason_id","16"
"2","CPRD GOLD","cohort_name","source_1","reason","Not in cohort cohort_10 between -30 & 0 days relative to exposure_date","excluded_subjects",NA,"count","integer","0","reason_id","16"
"2","CPRD GOLD","cohort_name","source_1","reason","Not in cohort narcolepsy between -Inf & 0 days relative to exposure_date","number_records",NA,"count","integer","2587","reason_id","17"
"2","CPRD GOLD","cohort_name","source_1","reason","Not in cohort narcolepsy between -Inf & 0 days relative to exposure_date","number_subjects",NA,"count","integer","2587","reason_id","17"
"2","CPRD GOLD","cohort_name","source_1","reason","Not in cohort narcolepsy between -Inf & 0 days relative to exposure_date","excluded_records",NA,"count","integer","0","reason_id","17"
"2","CPRD GOLD","cohort_name","source_1","reason","Not in cohort narcolepsy between -Inf & 0 days relative to exposure_date","excluded_subjects",NA,"count","integer","0","reason_id","17"
"2","CPRD GOLD","cohort_name","source_1","reason","Not in cohort mae_during_pregnancy between -Inf & 0 days relative to exposure_date, censoring at pregnancy_start_date","number_records",NA,"count","integer","2453","reason_id","18"
"2","CPRD GOLD","cohort_name","source_1","reason","Not in cohort mae_during_pregnancy between -Inf & 0 days relative to exposure_date, censoring at pregnancy_start_date","number_subjects",NA,"count","integer","2453","reason_id","18"
"2","CPRD GOLD","cohort_name","source_1","reason","Not in cohort mae_during_pregnancy between -Inf & 0 days relative to exposure_date, censoring at pregnancy_start_date","excluded_records",NA,"count","integer","134","reason_id","18"
"2","CPRD GOLD","cohort_name","source_1","reason","Not in cohort mae_during_pregnancy between -Inf & 0 days relative to exposure_date, censoring at pregnancy_start_date","excluded_subjects",NA,"count","integer","134","reason_id","18"
"2","CPRD GOLD","cohort_name","source_1","reason","Not in cohort cohort_1 between -90 & 0 days relative to exposure_date","number_records",NA,"count","integer","65602","reason_id","19"
"2","CPRD GOLD","cohort_name","source_1","reason","Not in cohort cohort_1 between -90 & 0 days relative to exposure_date","number_subjects",NA,"count","integer","8253","reason_id","19"
"2","CPRD GOLD","cohort_name","source_1","reason","Not in cohort cohort_1 between -90 & 0 days relative to exposure_date","excluded_records",NA,"count","integer","-63149","reason_id","19"
"2","CPRD GOLD","cohort_name","source_1","reason","Not in cohort cohort_1 between -90 & 0 days relative to exposure_date","excluded_subjects",NA,"count","integer","-5800","reason_id","19"
"2","CPRD GOLD","cohort_name","source_1","reason","Not in cohort aesi_90 between -90 & 0 days relative to exposure_date","number_records",NA,"count","integer","65541","reason_id","20"
"2","CPRD GOLD","cohort_name","source_1","reason","Not in cohort aesi_90 between -90 & 0 days relative to exposure_date","number_subjects",NA,"count","integer","8249","reason_id","20"
"2","CPRD GOLD","cohort_name","source_1","reason","Not in cohort aesi_90 between -90 & 0 days relative to exposure_date","excluded_records",NA,"count","integer","61","reason_id","20"
"2","CPRD GOLD","cohort_name","source_1","reason","Not in cohort aesi_90 between -90 & 0 days relative to exposure_date","excluded_subjects",NA,"count","integer","-","reason_id","20"
"2","CPRD GOLD","cohort_name","source_1","reason","Not in cohort cohort_10 between -30 & 0 days relative to exposure_date","number_records",NA,"count","integer","65541","reason_id","21"
"2","CPRD GOLD","cohort_name","source_1","reason","Not in cohort cohort_10 between -30 & 0 days relative to exposure_date","number_subjects",NA,"count","integer","8249","reason_id","21"
"2","CPRD GOLD","cohort_name","source_1","reason","Not in cohort cohort_10 between -30 & 0 days relative to exposure_date","excluded_records",NA,"count","integer","0","reason_id","21"
"2","CPRD GOLD","cohort_name","source_1","reason","Not in cohort cohort_10 between -30 & 0 days relative to exposure_date","excluded_subjects",NA,"count","integer","0","reason_id","21"
"2","CPRD GOLD","cohort_name","source_1","reason","Not in cohort narcolepsy between -Inf & 0 days relative to exposure_date","number_records",NA,"count","integer","65538","reason_id","22"
"2","CPRD GOLD","cohort_name","source_1","reason","Not in cohort narcolepsy between -Inf & 0 days relative to exposure_date","number_subjects",NA,"count","integer","8248","reason_id","22"
"2","CPRD GOLD","cohort_name","source_1","reason","Not in cohort narcolepsy between -Inf & 0 days relative to exposure_date","excluded_records",NA,"count","integer","-","reason_id","22"
"2","CPRD GOLD","cohort_name","source_1","reason","Not in cohort narcolepsy between -Inf & 0 days relative to exposure_date","excluded_subjects",NA,"count","integer","-","reason_id","22"
"2","CPRD GOLD","cohort_name","source_1","reason","Not in cohort mae_during_pregnancy between -Inf & 0 days relative to exposure_date, censoring at comparator_pregnancy_start_date","number_records",NA,"count","integer","62085","reason_id","23"
"2","CPRD GOLD","cohort_name","source_1","reason","Not in cohort mae_during_pregnancy between -Inf & 0 days relative to exposure_date, censoring at comparator_pregnancy_start_date","number_subjects",NA,"count","integer","7803","reason_id","23"
"2","CPRD GOLD","cohort_name","source_1","reason","Not in cohort mae_during_pregnancy between -Inf & 0 days relative to exposure_date, censoring at comparator_pregnancy_start_date","excluded_records",NA,"count","integer","3453","reason_id","23"
"2","CPRD GOLD","cohort_name","source_1","reason","Not in cohort mae_during_pregnancy between -Inf & 0 days relative to exposure_date, censoring at comparator_pregnancy_start_date","excluded_subjects",NA,"count","integer","445","reason_id","23"
"2","CPRD GOLD","cohort_name","source_1","reason","Risk Set Sampling","number_records",NA,"count","integer","9667","reason_id","24"
"2","CPRD GOLD","cohort_name","source_1","reason","Risk Set Sampling","number_subjects",NA,"count","integer","5552","reason_id","24"
"2","CPRD GOLD","cohort_name","source_1","reason","Risk Set Sampling","excluded_records",NA,"count","integer","52418","reason_id","24"
"2","CPRD GOLD","cohort_name","source_1","reason","Risk Set Sampling","excluded_subjects",NA,"count","integer","2251","reason_id","24"
"2","CPRD GOLD","cohort_name","source_1","reason","Weighting","number_records",NA,"count","integer","9667","reason_id","25"
"2","CPRD GOLD","cohort_name","source_1","reason","Weighting","number_subjects",NA,"count","integer","5552","reason_id","25"
"2","CPRD GOLD","cohort_name","source_1","reason","Weighting","excluded_records",NA,"count","integer","0","reason_id","25"
"2","CPRD GOLD","cohort_name","source_1","reason","Weighting","excluded_subjects",NA,"count","integer","0","reason_id","25"
"3","CPRD GOLD","cohort_name","source_2","reason","Initial qualifying events","number_records",NA,"count","integer","1185470","reason_id","1"
"3","CPRD GOLD","cohort_name","source_2","reason","Initial qualifying events","number_subjects",NA,"count","integer","783508","reason_id","1"
"3","CPRD GOLD","cohort_name","source_2","reason","Initial qualifying events","excluded_records",NA,"count","integer","0","reason_id","1"
"3","CPRD GOLD","cohort_name","source_2","reason","Initial qualifying events","excluded_subjects",NA,"count","integer","0","reason_id","1"
"3","CPRD GOLD","cohort_name","source_2","reason","Pregnancy in observation","number_records",NA,"count","integer","1185470","reason_id","2"
"3","CPRD GOLD","cohort_name","source_2","reason","Pregnancy in observation","number_subjects",NA,"count","integer","783508","reason_id","2"
"3","CPRD GOLD","cohort_name","source_2","reason","Pregnancy in observation","excluded_records",NA,"count","integer","0","reason_id","2"
"3","CPRD GOLD","cohort_name","source_2","reason","Pregnancy in observation","excluded_subjects",NA,"count","integer","0","reason_id","2"
"3","CPRD GOLD","cohort_name","source_2","reason","Pregnancy end date > pregnancy start_date","number_records",NA,"count","integer","1185470","reason_id","3"
"3","CPRD GOLD","cohort_name","source_2","reason","Pregnancy end date > pregnancy start_date","number_subjects",NA,"count","integer","783508","reason_id","3"
"3","CPRD GOLD","cohort_name","source_2","reason","Pregnancy end date > pregnancy start_date","excluded_records",NA,"count","integer","0","reason_id","3"
"3","CPRD GOLD","cohort_name","source_2","reason","Pregnancy end date > pregnancy start_date","excluded_subjects",NA,"count","integer","0","reason_id","3"
"3","CPRD GOLD","cohort_name","source_2","reason","Gestational length < 308 days","number_records",NA,"count","integer","1185470","reason_id","4"
"3","CPRD GOLD","cohort_name","source_2","reason","Gestational length < 308 days","number_subjects",NA,"count","integer","783508","reason_id","4"
"3","CPRD GOLD","cohort_name","source_2","reason","Gestational length < 308 days","excluded_records",NA,"count","integer","0","reason_id","4"
"3","CPRD GOLD","cohort_name","source_2","reason","Gestational length < 308 days","excluded_subjects",NA,"count","integer","0","reason_id","4"
"3","CPRD GOLD","cohort_name","source_2","reason","Gestational length days != 0","number_records",NA,"count","integer","1185470","reason_id","5"
"3","CPRD GOLD","cohort_name","source_2","reason","Gestational length days != 0","number_subjects",NA,"count","integer","783508","reason_id","5"
"3","CPRD GOLD","cohort_name","source_2","reason","Gestational length days != 0","excluded_records",NA,"count","integer","0","reason_id","5"
"3","CPRD GOLD","cohort_name","source_2","reason","Gestational length days != 0","excluded_subjects",NA,"count","integer","0","reason_id","5"
"3","CPRD GOLD","cohort_name","source_2","reason","No overlapping pregnancy records","number_records",NA,"count","integer","1185470","reason_id","6"
"3","CPRD GOLD","cohort_name","source_2","reason","No overlapping pregnancy records","number_subjects",NA,"count","integer","783508","reason_id","6"
"3","CPRD GOLD","cohort_name","source_2","reason","No overlapping pregnancy records","excluded_records",NA,"count","integer","0","reason_id","6"
"3","CPRD GOLD","cohort_name","source_2","reason","No overlapping pregnancy records","excluded_subjects",NA,"count","integer","0","reason_id","6"
"3","CPRD GOLD","cohort_name","source_2","reason","Pregnancy end date > 2021-05-01","number_records",NA,"count","integer","46445","reason_id","7"
"3","CPRD GOLD","cohort_name","source_2","reason","Pregnancy end date > 2021-05-01","number_subjects",NA,"count","integer","42121","reason_id","7"
"3","CPRD GOLD","cohort_name","source_2","reason","Pregnancy end date > 2021-05-01","excluded_records",NA,"count","integer","1139025","reason_id","7"
"3","CPRD GOLD","cohort_name","source_2","reason","Pregnancy end date > 2021-05-01","excluded_subjects",NA,"count","integer","741387","reason_id","7"
"3","CPRD GOLD","cohort_name","source_2","reason","Pregnancy start date < 2022-03-31","number_records",NA,"count","integer","21972","reason_id","8"
"3","CPRD GOLD","cohort_name","source_2","reason","Pregnancy start date < 2022-03-31","number_subjects",NA,"count","integer","21365","reason_id","8"
"3","CPRD GOLD","cohort_name","source_2","reason","Pregnancy start date < 2022-03-31","excluded_records",NA,"count","integer","24473","reason_id","8"
"3","CPRD GOLD","cohort_name","source_2","reason","Pregnancy start date < 2022-03-31","excluded_subjects",NA,"count","integer","20756","reason_id","8"
"3","CPRD GOLD","cohort_name","source_2","reason","cohort_start_date trimmed >= 2021-05-01","number_records",NA,"count","integer","21972","reason_id","9"
"3","CPRD GOLD","cohort_name","source_2","reason","cohort_start_date trimmed >= 2021-05-01","number_subjects",NA,"count","integer","21365","reason_id","9"
"3","CPRD GOLD","cohort_name","source_2","reason","cohort_start_date trimmed >= 2021-05-01","excluded_records",NA,"count","integer","0","reason_id","9"
"3","CPRD GOLD","cohort_name","source_2","reason","cohort_start_date trimmed >= 2021-05-01","excluded_subjects",NA,"count","integer","0","reason_id","9"
"3","CPRD GOLD","cohort_name","source_2","reason","No 2nd dose before pregnancy","number_records",NA,"count","integer","14833","reason_id","10"
"3","CPRD GOLD","cohort_name","source_2","reason","No 2nd dose before pregnancy","number_subjects",NA,"count","integer","14591","reason_id","10"
"3","CPRD GOLD","cohort_name","source_2","reason","No 2nd dose before pregnancy","excluded_records",NA,"count","integer","7139","reason_id","10"
"3","CPRD GOLD","cohort_name","source_2","reason","No 2nd dose before pregnancy","excluded_subjects",NA,"count","integer","6774","reason_id","10"
"3","CPRD GOLD","cohort_name","source_2","reason","Eligible for 2nd during pregnancy","number_records",NA,"count","integer","5901","reason_id","11"
"3","CPRD GOLD","cohort_name","source_2","reason","Eligible for 2nd during pregnancy","number_subjects",NA,"count","integer","5875","reason_id","11"
"3","CPRD GOLD","cohort_name","source_2","reason","Eligible for 2nd during pregnancy","excluded_records",NA,"count","integer","8932","reason_id","11"
"3","CPRD GOLD","cohort_name","source_2","reason","Eligible for 2nd during pregnancy","excluded_subjects",NA,"count","integer","8716","reason_id","11"
"3","CPRD GOLD","cohort_name","source_2","reason","Sex requirement: Female","number_records",NA,"count","integer","5901","reason_id","12"
"3","CPRD GOLD","cohort_name","source_2","reason","Sex requirement: Female","number_subjects",NA,"count","integer","5875","reason_id","12"
"3","CPRD GOLD","cohort_name","source_2","reason","Sex requirement: Female","excluded_records",NA,"count","integer","0","reason_id","12"
"3","CPRD GOLD","cohort_name","source_2","reason","Sex requirement: Female","excluded_subjects",NA,"count","integer","0","reason_id","12"
"3","CPRD GOLD","cohort_name","source_2","reason","Prior observation requirement: 365 days","number_records",NA,"count","integer","4930","reason_id","13"
"3","CPRD GOLD","cohort_name","source_2","reason","Prior observation requirement: 365 days","number_subjects",NA,"count","integer","4909","reason_id","13"
"3","CPRD GOLD","cohort_name","source_2","reason","Prior observation requirement: 365 days","excluded_records",NA,"count","integer","971","reason_id","13"
"3","CPRD GOLD","cohort_name","source_2","reason","Prior observation requirement: 365 days","excluded_subjects",NA,"count","integer","966","reason_id","13"
"3","CPRD GOLD","cohort_name","source_2","reason","Age requirement: 12 to 55","number_records",NA,"count","integer","4930","reason_id","14"
"3","CPRD GOLD","cohort_name","source_2","reason","Age requirement: 12 to 55","number_subjects",NA,"count","integer","4909","reason_id","14"
"3","CPRD GOLD","cohort_name","source_2","reason","Age requirement: 12 to 55","excluded_records",NA,"count","integer","0","reason_id","14"
"3","CPRD GOLD","cohort_name","source_2","reason","Age requirement: 12 to 55","excluded_subjects",NA,"count","integer","0","reason_id","14"
"3","CPRD GOLD","cohort_name","source_2","reason","Not in cohort cohort_1 between -90 & 0 days relative to exposure_date","number_records",NA,"count","integer","2879","reason_id","15"
"3","CPRD GOLD","cohort_name","source_2","reason","Not in cohort cohort_1 between -90 & 0 days relative to exposure_date","number_subjects",NA,"count","integer","2879","reason_id","15"
"3","CPRD GOLD","cohort_name","source_2","reason","Not in cohort cohort_1 between -90 & 0 days relative to exposure_date","excluded_records",NA,"count","integer","2051","reason_id","15"
"3","CPRD GOLD","cohort_name","source_2","reason","Not in cohort cohort_1 between -90 & 0 days relative to exposure_date","excluded_subjects",NA,"count","integer","2030","reason_id","15"
"3","CPRD GOLD","cohort_name","source_2","reason","Not in cohort aesi_90 between -90 & 0 days relative to exposure_date","number_records",NA,"count","integer","2878","reason_id","16"
"3","CPRD GOLD","cohort_name","source_2","reason","Not in cohort aesi_90 between -90 & 0 days relative to exposure_date","number_subjects",NA,"count","integer","2878","reason_id","16"
"3","CPRD GOLD","cohort_name","source_2","reason","Not in cohort aesi_90 between -90 & 0 days relative to exposure_date","excluded_records",NA,"count","integer","-","reason_id","16"
"3","CPRD GOLD","cohort_name","source_2","reason","Not in cohort aesi_90 between -90 & 0 days relative to exposure_date","excluded_subjects",NA,"count","integer","-","reason_id","16"
"3","CPRD GOLD","cohort_name","source_2","reason","Not in cohort cohort_10 between -30 & 0 days relative to exposure_date","number_records",NA,"count","integer","2878","reason_id","17"
"3","CPRD GOLD","cohort_name","source_2","reason","Not in cohort cohort_10 between -30 & 0 days relative to exposure_date","number_subjects",NA,"count","integer","2878","reason_id","17"
"3","CPRD GOLD","cohort_name","source_2","reason","Not in cohort cohort_10 between -30 & 0 days relative to exposure_date","excluded_records",NA,"count","integer","0","reason_id","17"
"3","CPRD GOLD","cohort_name","source_2","reason","Not in cohort cohort_10 between -30 & 0 days relative to exposure_date","excluded_subjects",NA,"count","integer","0","reason_id","17"
"3","CPRD GOLD","cohort_name","source_2","reason","Not in cohort narcolepsy between -Inf & 0 days relative to exposure_date","number_records",NA,"count","integer","2878","reason_id","18"
"3","CPRD GOLD","cohort_name","source_2","reason","Not in cohort narcolepsy between -Inf & 0 days relative to exposure_date","number_subjects",NA,"count","integer","2878","reason_id","18"
"3","CPRD GOLD","cohort_name","source_2","reason","Not in cohort narcolepsy between -Inf & 0 days relative to exposure_date","excluded_records",NA,"count","integer","0","reason_id","18"
"3","CPRD GOLD","cohort_name","source_2","reason","Not in cohort narcolepsy between -Inf & 0 days relative to exposure_date","excluded_subjects",NA,"count","integer","0","reason_id","18"
"3","CPRD GOLD","cohort_name","source_2","reason","Not in cohort mae_during_pregnancy between -Inf & 0 days relative to exposure_date, censoring at pregnancy_start_date","number_records",NA,"count","integer","2726","reason_id","19"
"3","CPRD GOLD","cohort_name","source_2","reason","Not in cohort mae_during_pregnancy between -Inf & 0 days relative to exposure_date, censoring at pregnancy_start_date","number_subjects",NA,"count","integer","2726","reason_id","19"
"3","CPRD GOLD","cohort_name","source_2","reason","Not in cohort mae_during_pregnancy between -Inf & 0 days relative to exposure_date, censoring at pregnancy_start_date","excluded_records",NA,"count","integer","152","reason_id","19"
"3","CPRD GOLD","cohort_name","source_2","reason","Not in cohort mae_during_pregnancy between -Inf & 0 days relative to exposure_date, censoring at pregnancy_start_date","excluded_subjects",NA,"count","integer","152","reason_id","19"
"3","CPRD GOLD","cohort_name","source_2","reason","Not in cohort cohort_1 between -90 & 0 days relative to exposure_date","number_records",NA,"count","integer","18142","reason_id","20"
"3","CPRD GOLD","cohort_name","source_2","reason","Not in cohort cohort_1 between -90 & 0 days relative to exposure_date","number_subjects",NA,"count","integer","3340","reason_id","20"
"3","CPRD GOLD","cohort_name","source_2","reason","Not in cohort cohort_1 between -90 & 0 days relative to exposure_date","excluded_records",NA,"count","integer","-15416","reason_id","20"
"3","CPRD GOLD","cohort_name","source_2","reason","Not in cohort cohort_1 between -90 & 0 days relative to exposure_date","excluded_subjects",NA,"count","integer","-614","reason_id","20"
"3","CPRD GOLD","cohort_name","source_2","reason","Not in cohort aesi_90 between -90 & 0 days relative to exposure_date","number_records",NA,"count","integer","18139","reason_id","21"
"3","CPRD GOLD","cohort_name","source_2","reason","Not in cohort aesi_90 between -90 & 0 days relative to exposure_date","number_subjects",NA,"count","integer","3339","reason_id","21"
"3","CPRD GOLD","cohort_name","source_2","reason","Not in cohort aesi_90 between -90 & 0 days relative to exposure_date","excluded_records",NA,"count","integer","-","reason_id","21"
"3","CPRD GOLD","cohort_name","source_2","reason","Not in cohort aesi_90 between -90 & 0 days relative to exposure_date","excluded_subjects",NA,"count","integer","-","reason_id","21"
"3","CPRD GOLD","cohort_name","source_2","reason","Not in cohort cohort_10 between -30 & 0 days relative to exposure_date","number_records",NA,"count","integer","18139","reason_id","22"
"3","CPRD GOLD","cohort_name","source_2","reason","Not in cohort cohort_10 between -30 & 0 days relative to exposure_date","number_subjects",NA,"count","integer","3339","reason_id","22"
"3","CPRD GOLD","cohort_name","source_2","reason","Not in cohort cohort_10 between -30 & 0 days relative to exposure_date","excluded_records",NA,"count","integer","0","reason_id","22"
"3","CPRD GOLD","cohort_name","source_2","reason","Not in cohort cohort_10 between -30 & 0 days relative to exposure_date","excluded_subjects",NA,"count","integer","0","reason_id","22"
"3","CPRD GOLD","cohort_name","source_2","reason","Not in cohort narcolepsy between -Inf & 0 days relative to exposure_date","number_records",NA,"count","integer","18139","reason_id","23"
"3","CPRD GOLD","cohort_name","source_2","reason","Not in cohort narcolepsy between -Inf & 0 days relative to exposure_date","number_subjects",NA,"count","integer","3339","reason_id","23"
"3","CPRD GOLD","cohort_name","source_2","reason","Not in cohort narcolepsy between -Inf & 0 days relative to exposure_date","excluded_records",NA,"count","integer","0","reason_id","23"
"3","CPRD GOLD","cohort_name","source_2","reason","Not in cohort narcolepsy between -Inf & 0 days relative to exposure_date","excluded_subjects",NA,"count","integer","0","reason_id","23"
"3","CPRD GOLD","cohort_name","source_2","reason","Not in cohort mae_during_pregnancy between -Inf & 0 days relative to exposure_date, censoring at comparator_pregnancy_start_date","number_records",NA,"count","integer","17198","reason_id","24"
"3","CPRD GOLD","cohort_name","source_2","reason","Not in cohort mae_during_pregnancy between -Inf & 0 days relative to exposure_date, censoring at comparator_pregnancy_start_date","number_subjects",NA,"count","integer","3161","reason_id","24"
"3","CPRD GOLD","cohort_name","source_2","reason","Not in cohort mae_during_pregnancy between -Inf & 0 days relative to exposure_date, censoring at comparator_pregnancy_start_date","excluded_records",NA,"count","integer","941","reason_id","24"
"3","CPRD GOLD","cohort_name","source_2","reason","Not in cohort mae_during_pregnancy between -Inf & 0 days relative to exposure_date, censoring at comparator_pregnancy_start_date","excluded_subjects",NA,"count","integer","178","reason_id","24"
"3","CPRD GOLD","cohort_name","source_2","reason","Risk Set Sampling","number_records",NA,"count","integer","9198","reason_id","25"
"3","CPRD GOLD","cohort_name","source_2","reason","Risk Set Sampling","number_subjects",NA,"count","integer","3458","reason_id","25"
"3","CPRD GOLD","cohort_name","source_2","reason","Risk Set Sampling","excluded_records",NA,"count","integer","8000","reason_id","25"
"3","CPRD GOLD","cohort_name","source_2","reason","Risk Set Sampling","excluded_subjects",NA,"count","integer","-297","reason_id","25"
"3","CPRD GOLD","cohort_name","source_2","reason","Weighting","number_records",NA,"count","integer","9198","reason_id","26"
"3","CPRD GOLD","cohort_name","source_2","reason","Weighting","number_subjects",NA,"count","integer","3458","reason_id","26"
"3","CPRD GOLD","cohort_name","source_2","reason","Weighting","excluded_records",NA,"count","integer","0","reason_id","26"
"3","CPRD GOLD","cohort_name","source_2","reason","Weighting","excluded_subjects",NA,"count","integer","0","reason_id","26"
"4","CPRD GOLD","cohort_name","source_3","reason","Initial qualifying events","number_records",NA,"count","integer","1185470","reason_id","1"
"4","CPRD GOLD","cohort_name","source_3","reason","Initial qualifying events","number_subjects",NA,"count","integer","783508","reason_id","1"
"4","CPRD GOLD","cohort_name","source_3","reason","Initial qualifying events","excluded_records",NA,"count","integer","0","reason_id","1"
"4","CPRD GOLD","cohort_name","source_3","reason","Initial qualifying events","excluded_subjects",NA,"count","integer","0","reason_id","1"
"4","CPRD GOLD","cohort_name","source_3","reason","Pregnancy in observation","number_records",NA,"count","integer","1185470","reason_id","2"
"4","CPRD GOLD","cohort_name","source_3","reason","Pregnancy in observation","number_subjects",NA,"count","integer","783508","reason_id","2"
"4","CPRD GOLD","cohort_name","source_3","reason","Pregnancy in observation","excluded_records",NA,"count","integer","0","reason_id","2"
"4","CPRD GOLD","cohort_name","source_3","reason","Pregnancy in observation","excluded_subjects",NA,"count","integer","0","reason_id","2"
"4","CPRD GOLD","cohort_name","source_3","reason","Pregnancy end date > pregnancy start_date","number_records",NA,"count","integer","1185470","reason_id","3"
"4","CPRD GOLD","cohort_name","source_3","reason","Pregnancy end date > pregnancy start_date","number_subjects",NA,"count","integer","783508","reason_id","3"
"4","CPRD GOLD","cohort_name","source_3","reason","Pregnancy end date > pregnancy start_date","excluded_records",NA,"count","integer","0","reason_id","3"
"4","CPRD GOLD","cohort_name","source_3","reason","Pregnancy end date > pregnancy start_date","excluded_subjects",NA,"count","integer","0","reason_id","3"
"4","CPRD GOLD","cohort_name","source_3","reason","Gestational length < 308 days","number_records",NA,"count","integer","1185470","reason_id","4"
"4","CPRD GOLD","cohort_name","source_3","reason","Gestational length < 308 days","number_subjects",NA,"count","integer","783508","reason_id","4"
"4","CPRD GOLD","cohort_name","source_3","reason","Gestational length < 308 days","excluded_records",NA,"count","integer","0","reason_id","4"
"4","CPRD GOLD","cohort_name","source_3","reason","Gestational length < 308 days","excluded_subjects",NA,"count","integer","0","reason_id","4"
"4","CPRD GOLD","cohort_name","source_3","reason","Gestational length days != 0","number_records",NA,"count","integer","1185470","reason_id","5"
"4","CPRD GOLD","cohort_name","source_3","reason","Gestational length days != 0","number_subjects",NA,"count","integer","783508","reason_id","5"
"4","CPRD GOLD","cohort_name","source_3","reason","Gestational length days != 0","excluded_records",NA,"count","integer","0","reason_id","5"
"4","CPRD GOLD","cohort_name","source_3","reason","Gestational length days != 0","excluded_subjects",NA,"count","integer","0","reason_id","5"
"4","CPRD GOLD","cohort_name","source_3","reason","No overlapping pregnancy records","number_records",NA,"count","integer","1185470","reason_id","6"
"4","CPRD GOLD","cohort_name","source_3","reason","No overlapping pregnancy records","number_subjects",NA,"count","integer","783508","reason_id","6"
"4","CPRD GOLD","cohort_name","source_3","reason","No overlapping pregnancy records","excluded_records",NA,"count","integer","0","reason_id","6"
"4","CPRD GOLD","cohort_name","source_3","reason","No overlapping pregnancy records","excluded_subjects",NA,"count","integer","0","reason_id","6"
"4","CPRD GOLD","cohort_name","source_3","reason","Pregnancy end date > 2021-10-01","number_records",NA,"count","integer","40059","reason_id","7"
"4","CPRD GOLD","cohort_name","source_3","reason","Pregnancy end date > 2021-10-01","number_subjects",NA,"count","integer","36790","reason_id","7"
"4","CPRD GOLD","cohort_name","source_3","reason","Pregnancy end date > 2021-10-01","excluded_records",NA,"count","integer","1145411","reason_id","7"
"4","CPRD GOLD","cohort_name","source_3","reason","Pregnancy end date > 2021-10-01","excluded_subjects",NA,"count","integer","746718","reason_id","7"
"4","CPRD GOLD","cohort_name","source_3","reason","Pregnancy start date < 2023-12-12","number_records",NA,"count","integer","36480","reason_id","8"
"4","CPRD GOLD","cohort_name","source_3","reason","Pregnancy start date < 2023-12-12","number_subjects",NA,"count","integer","33890","reason_id","8"
"4","CPRD GOLD","cohort_name","source_3","reason","Pregnancy start date < 2023-12-12","excluded_records",NA,"count","integer","3579","reason_id","8"
"4","CPRD GOLD","cohort_name","source_3","reason","Pregnancy start date < 2023-12-12","excluded_subjects",NA,"count","integer","2900","reason_id","8"
"4","CPRD GOLD","cohort_name","source_3","reason","cohort_start_date trimmed >= 2021-10-01","number_records",NA,"count","integer","36480","reason_id","9"
"4","CPRD GOLD","cohort_name","source_3","reason","cohort_start_date trimmed >= 2021-10-01","number_subjects",NA,"count","integer","33890","reason_id","9"
"4","CPRD GOLD","cohort_name","source_3","reason","cohort_start_date trimmed >= 2021-10-01","excluded_records",NA,"count","integer","0","reason_id","9"
"4","CPRD GOLD","cohort_name","source_3","reason","cohort_start_date trimmed >= 2021-10-01","excluded_subjects",NA,"count","integer","0","reason_id","9"
"4","CPRD GOLD","cohort_name","source_3","reason","2 doses any time before pregnancy end","number_records",NA,"count","integer","23736","reason_id","10"
"4","CPRD GOLD","cohort_name","source_3","reason","2 doses any time before pregnancy end","number_subjects",NA,"count","integer","22066","reason_id","10"
"4","CPRD GOLD","cohort_name","source_3","reason","2 doses any time before pregnancy end","excluded_records",NA,"count","integer","12744","reason_id","10"
"4","CPRD GOLD","cohort_name","source_3","reason","2 doses any time before pregnancy end","excluded_subjects",NA,"count","integer","11824","reason_id","10"
"4","CPRD GOLD","cohort_name","source_3","reason","Eligible for booster during pregnancy","number_records",NA,"count","integer","22680","reason_id","11"
"4","CPRD GOLD","cohort_name","source_3","reason","Eligible for booster during pregnancy","number_subjects",NA,"count","integer","21153","reason_id","11"
"4","CPRD GOLD","cohort_name","source_3","reason","Eligible for booster during pregnancy","excluded_records",NA,"count","integer","1056","reason_id","11"
"4","CPRD GOLD","cohort_name","source_3","reason","Eligible for booster during pregnancy","excluded_subjects",NA,"count","integer","913","reason_id","11"
"4","CPRD GOLD","cohort_name","source_3","reason","Sex requirement: Female","number_records",NA,"count","integer","22680","reason_id","12"
"4","CPRD GOLD","cohort_name","source_3","reason","Sex requirement: Female","number_subjects",NA,"count","integer","21153","reason_id","12"
"4","CPRD GOLD","cohort_name","source_3","reason","Sex requirement: Female","excluded_records",NA,"count","integer","0","reason_id","12"
"4","CPRD GOLD","cohort_name","source_3","reason","Sex requirement: Female","excluded_subjects",NA,"count","integer","0","reason_id","12"
"4","CPRD GOLD","cohort_name","source_3","reason","Prior observation requirement: 365 days","number_records",NA,"count","integer","21819","reason_id","13"
"4","CPRD GOLD","cohort_name","source_3","reason","Prior observation requirement: 365 days","number_subjects",NA,"count","integer","20386","reason_id","13"
"4","CPRD GOLD","cohort_name","source_3","reason","Prior observation requirement: 365 days","excluded_records",NA,"count","integer","861","reason_id","13"
"4","CPRD GOLD","cohort_name","source_3","reason","Prior observation requirement: 365 days","excluded_subjects",NA,"count","integer","767","reason_id","13"
"4","CPRD GOLD","cohort_name","source_3","reason","Age requirement: 12 to 55","number_records",NA,"count","integer","21819","reason_id","14"
"4","CPRD GOLD","cohort_name","source_3","reason","Age requirement: 12 to 55","number_subjects",NA,"count","integer","20386","reason_id","14"
"4","CPRD GOLD","cohort_name","source_3","reason","Age requirement: 12 to 55","excluded_records",NA,"count","integer","0","reason_id","14"
"4","CPRD GOLD","cohort_name","source_3","reason","Age requirement: 12 to 55","excluded_subjects",NA,"count","integer","0","reason_id","14"
"4","CPRD GOLD","cohort_name","source_3","reason","Not in cohort cohort_1 between -90 & 0 days relative to exposure_date","number_records",NA,"count","integer","5218","reason_id","15"
"4","CPRD GOLD","cohort_name","source_3","reason","Not in cohort cohort_1 between -90 & 0 days relative to exposure_date","number_subjects",NA,"count","integer","5144","reason_id","15"
"4","CPRD GOLD","cohort_name","source_3","reason","Not in cohort cohort_1 between -90 & 0 days relative to exposure_date","excluded_records",NA,"count","integer","16601","reason_id","15"
"4","CPRD GOLD","cohort_name","source_3","reason","Not in cohort cohort_1 between -90 & 0 days relative to exposure_date","excluded_subjects",NA,"count","integer","15242","reason_id","15"
"4","CPRD GOLD","cohort_name","source_3","reason","Not in cohort aesi_90 between -90 & 0 days relative to exposure_date","number_records",NA,"count","integer","5213","reason_id","16"
"4","CPRD GOLD","cohort_name","source_3","reason","Not in cohort aesi_90 between -90 & 0 days relative to exposure_date","number_subjects",NA,"count","integer","5140","reason_id","16"
"4","CPRD GOLD","cohort_name","source_3","reason","Not in cohort aesi_90 between -90 & 0 days relative to exposure_date","excluded_records",NA,"count","integer","5","reason_id","16"
"4","CPRD GOLD","cohort_name","source_3","reason","Not in cohort aesi_90 between -90 & 0 days relative to exposure_date","excluded_subjects",NA,"count","integer","-","reason_id","16"
"4","CPRD GOLD","cohort_name","source_3","reason","Not in cohort cohort_10 between -30 & 0 days relative to exposure_date","number_records",NA,"count","integer","5213","reason_id","17"
"4","CPRD GOLD","cohort_name","source_3","reason","Not in cohort cohort_10 between -30 & 0 days relative to exposure_date","number_subjects",NA,"count","integer","5140","reason_id","17"
"4","CPRD GOLD","cohort_name","source_3","reason","Not in cohort cohort_10 between -30 & 0 days relative to exposure_date","excluded_records",NA,"count","integer","0","reason_id","17"
"4","CPRD GOLD","cohort_name","source_3","reason","Not in cohort cohort_10 between -30 & 0 days relative to exposure_date","excluded_subjects",NA,"count","integer","0","reason_id","17"
"4","CPRD GOLD","cohort_name","source_3","reason","Not in cohort narcolepsy between -Inf & 0 days relative to exposure_date","number_records",NA,"count","integer","5213","reason_id","18"
"4","CPRD GOLD","cohort_name","source_3","reason","Not in cohort narcolepsy between -Inf & 0 days relative to exposure_date","number_subjects",NA,"count","integer","5140","reason_id","18"
"4","CPRD GOLD","cohort_name","source_3","reason","Not in cohort narcolepsy between -Inf & 0 days relative to exposure_date","excluded_records",NA,"count","integer","0","reason_id","18"
"4","CPRD GOLD","cohort_name","source_3","reason","Not in cohort narcolepsy between -Inf & 0 days relative to exposure_date","excluded_subjects",NA,"count","integer","0","reason_id","18"
"4","CPRD GOLD","cohort_name","source_3","reason","Not in cohort mae_during_pregnancy between -Inf & 0 days relative to exposure_date, censoring at pregnancy_start_date","number_records",NA,"count","integer","4992","reason_id","19"
"4","CPRD GOLD","cohort_name","source_3","reason","Not in cohort mae_during_pregnancy between -Inf & 0 days relative to exposure_date, censoring at pregnancy_start_date","number_subjects",NA,"count","integer","4929","reason_id","19"
"4","CPRD GOLD","cohort_name","source_3","reason","Not in cohort mae_during_pregnancy between -Inf & 0 days relative to exposure_date, censoring at pregnancy_start_date","excluded_records",NA,"count","integer","221","reason_id","19"
"4","CPRD GOLD","cohort_name","source_3","reason","Not in cohort mae_during_pregnancy between -Inf & 0 days relative to exposure_date, censoring at pregnancy_start_date","excluded_subjects",NA,"count","integer","211","reason_id","19"
"4","CPRD GOLD","cohort_name","source_3","reason","Not in cohort cohort_1 between -90 & 0 days relative to exposure_date","number_records",NA,"count","integer","99292","reason_id","20"
"4","CPRD GOLD","cohort_name","source_3","reason","Not in cohort cohort_1 between -90 & 0 days relative to exposure_date","number_subjects",NA,"count","integer","15805","reason_id","20"
"4","CPRD GOLD","cohort_name","source_3","reason","Not in cohort cohort_1 between -90 & 0 days relative to exposure_date","excluded_records",NA,"count","integer","-94300","reason_id","20"
"4","CPRD GOLD","cohort_name","source_3","reason","Not in cohort cohort_1 between -90 & 0 days relative to exposure_date","excluded_subjects",NA,"count","integer","-10876","reason_id","20"
"4","CPRD GOLD","cohort_name","source_3","reason","Not in cohort aesi_90 between -90 & 0 days relative to exposure_date","number_records",NA,"count","integer","99208","reason_id","21"
"4","CPRD GOLD","cohort_name","source_3","reason","Not in cohort aesi_90 between -90 & 0 days relative to exposure_date","number_subjects",NA,"count","integer","15801","reason_id","21"
"4","CPRD GOLD","cohort_name","source_3","reason","Not in cohort aesi_90 between -90 & 0 days relative to exposure_date","excluded_records",NA,"count","integer","84","reason_id","21"
"4","CPRD GOLD","cohort_name","source_3","reason","Not in cohort aesi_90 between -90 & 0 days relative to exposure_date","excluded_subjects",NA,"count","integer","-","reason_id","21"
"4","CPRD GOLD","cohort_name","source_3","reason","Not in cohort cohort_10 between -30 & 0 days relative to exposure_date","number_records",NA,"count","integer","99207","reason_id","22"
"4","CPRD GOLD","cohort_name","source_3","reason","Not in cohort cohort_10 between -30 & 0 days relative to exposure_date","number_subjects",NA,"count","integer","15801","reason_id","22"
"4","CPRD GOLD","cohort_name","source_3","reason","Not in cohort cohort_10 between -30 & 0 days relative to exposure_date","excluded_records",NA,"count","integer","-","reason_id","22"
"4","CPRD GOLD","cohort_name","source_3","reason","Not in cohort cohort_10 between -30 & 0 days relative to exposure_date","excluded_subjects",NA,"count","integer","0","reason_id","22"
"4","CPRD GOLD","cohort_name","source_3","reason","Not in cohort narcolepsy between -Inf & 0 days relative to exposure_date","number_records",NA,"count","integer","99198","reason_id","23"
"4","CPRD GOLD","cohort_name","source_3","reason","Not in cohort narcolepsy between -Inf & 0 days relative to exposure_date","number_subjects",NA,"count","integer","15799","reason_id","23"
"4","CPRD GOLD","cohort_name","source_3","reason","Not in cohort narcolepsy between -Inf & 0 days relative to exposure_date","excluded_records",NA,"count","integer","9","reason_id","23"
"4","CPRD GOLD","cohort_name","source_3","reason","Not in cohort narcolepsy between -Inf & 0 days relative to exposure_date","excluded_subjects",NA,"count","integer","-","reason_id","23"
"4","CPRD GOLD","cohort_name","source_3","reason","Not in cohort mae_during_pregnancy between -Inf & 0 days relative to exposure_date, censoring at comparator_pregnancy_start_date","number_records",NA,"count","integer","93401","reason_id","24"
"4","CPRD GOLD","cohort_name","source_3","reason","Not in cohort mae_during_pregnancy between -Inf & 0 days relative to exposure_date, censoring at comparator_pregnancy_start_date","number_subjects",NA,"count","integer","15053","reason_id","24"
"4","CPRD GOLD","cohort_name","source_3","reason","Not in cohort mae_during_pregnancy between -Inf & 0 days relative to exposure_date, censoring at comparator_pregnancy_start_date","excluded_records",NA,"count","integer","5797","reason_id","24"
"4","CPRD GOLD","cohort_name","source_3","reason","Not in cohort mae_during_pregnancy between -Inf & 0 days relative to exposure_date, censoring at comparator_pregnancy_start_date","excluded_subjects",NA,"count","integer","746","reason_id","24"
"4","CPRD GOLD","cohort_name","source_3","reason","Risk Set Sampling","number_records",NA,"count","integer","19249","reason_id","25"
"4","CPRD GOLD","cohort_name","source_3","reason","Risk Set Sampling","number_subjects",NA,"count","integer","10460","reason_id","25"
"4","CPRD GOLD","cohort_name","source_3","reason","Risk Set Sampling","excluded_records",NA,"count","integer","74152","reason_id","25"
"4","CPRD GOLD","cohort_name","source_3","reason","Risk Set Sampling","excluded_subjects",NA,"count","integer","4593","reason_id","25"
"4","CPRD GOLD","cohort_name","source_3","reason","Weighting","number_records",NA,"count","integer","19249","reason_id","26"
"4","CPRD GOLD","cohort_name","source_3","reason","Weighting","number_subjects",NA,"count","integer","10460","reason_id","26"
"4","CPRD GOLD","cohort_name","source_3","reason","Weighting","excluded_records",NA,"count","integer","0","reason_id","26"
"4","CPRD GOLD","cohort_name","source_3","reason","Weighting","excluded_subjects",NA,"count","integer","0","reason_id","26"
"1",NA,"overall","overall","overall","overall","settings",NA,"result_type","character","summarise_cohort_count","overall","overall"
"1",NA,"overall","overall","overall","overall","settings",NA,"package_name","character","CohortCharacteristics","overall","overall"
"1",NA,"overall","overall","overall","overall","settings",NA,"package_version","character","1.0.0","overall","overall"
"1",NA,"overall","overall","overall","overall","settings",NA,"group","character","cohort_name","overall","overall"
"1",NA,"overall","overall","overall","overall","settings",NA,"strata","character","","overall","overall"
"1",NA,"overall","overall","overall","overall","settings",NA,"additional","character","","overall","overall"
"1",NA,"overall","overall","overall","overall","settings",NA,"min_cell_count","character","5","overall","overall"
"1",NA,"overall","overall","overall","overall","settings",NA,"table_name","character","study_population","overall","overall"
"1",NA,"overall","overall","overall","overall","settings",NA,"weighting","character","TRUE","overall","overall"
"2",NA,"overall","overall","overall","overall","settings",NA,"result_type","character","summarise_cohort_attrition","overall","overall"
"2",NA,"overall","overall","overall","overall","settings",NA,"package_name","character","CohortCharacteristics","overall","overall"
"2",NA,"overall","overall","overall","overall","settings",NA,"package_version","character","1.0.0","overall","overall"
"2",NA,"overall","overall","overall","overall","settings",NA,"group","character","cohort_name","overall","overall"
"2",NA,"overall","overall","overall","overall","settings",NA,"strata","character","reason","overall","overall"
"2",NA,"overall","overall","overall","overall","settings",NA,"additional","character","reason_id","overall","overall"
"2",NA,"overall","overall","overall","overall","settings",NA,"min_cell_count","character","5","overall","overall"
"2",NA,"overall","overall","overall","overall","settings",NA,"cohort_definition_id","character","1","overall","overall"
"2",NA,"overall","overall","overall","overall","settings",NA,"sex","character","Female","overall","overall"
"2",NA,"overall","overall","overall","overall","settings",NA,"table_name","character","study_population","overall","overall"
"2",NA,"overall","overall","overall","overall","settings",NA,"weighting","character","TRUE","overall","overall"
"3",NA,"overall","overall","overall","overall","settings",NA,"result_type","character","summarise_cohort_attrition","overall","overall"
"3",NA,"overall","overall","overall","overall","settings",NA,"package_name","character","CohortCharacteristics","overall","overall"
"3",NA,"overall","overall","overall","overall","settings",NA,"package_version","character","1.0.0","overall","overall"
"3",NA,"overall","overall","overall","overall","settings",NA,"group","character","cohort_name","overall","overall"
"3",NA,"overall","overall","overall","overall","settings",NA,"strata","character","reason","overall","overall"
"3",NA,"overall","overall","overall","overall","settings",NA,"additional","character","reason_id","overall","overall"
"3",NA,"overall","overall","overall","overall","settings",NA,"min_cell_count","character","5","overall","overall"
"3",NA,"overall","overall","overall","overall","settings",NA,"cohort_definition_id","character","2","overall","overall"
"3",NA,"overall","overall","overall","overall","settings",NA,"sex","character","Female","overall","overall"
"3",NA,"overall","overall","overall","overall","settings",NA,"table_name","character","study_population","overall","overall"
"3",NA,"overall","overall","overall","overall","settings",NA,"weighting","character","TRUE","overall","overall"
"4",NA,"overall","overall","overall","overall","settings",NA,"result_type","character","summarise_cohort_attrition","overall","overall"
"4",NA,"overall","overall","overall","overall","settings",NA,"package_name","character","CohortCharacteristics","overall","overall"
"4",NA,"overall","overall","overall","overall","settings",NA,"package_version","character","1.0.0","overall","overall"
"4",NA,"overall","overall","overall","overall","settings",NA,"group","character","cohort_name","overall","overall"
"4",NA,"overall","overall","overall","overall","settings",NA,"strata","character","reason","overall","overall"
"4",NA,"overall","overall","overall","overall","settings",NA,"additional","character","reason_id","overall","overall"
"4",NA,"overall","overall","overall","overall","settings",NA,"min_cell_count","character","5","overall","overall"
"4",NA,"overall","overall","overall","overall","settings",NA,"cohort_definition_id","character","3","overall","overall"
"4",NA,"overall","overall","overall","overall","settings",NA,"sex","character","Female","overall","overall"
"4",NA,"overall","overall","overall","overall","settings",NA,"table_name","character","study_population","overall","overall"
"4",NA,"overall","overall","overall","overall","settings",NA,"weighting","character","TRUE","overall","overall"
